"Method","Mean","SE","CI_Lower","CI_Upper","CI_Width","CV_Percent","DEFF","SE_Ratio"
"Unweighted (SRS)",218305.4334766,9824.33183434909,199049.743081276,237561.123871924,38511.3807906485,4.50026903952538,NA,NA
"Weighted (Naive SE)",260166.021017163,11782.0674817233,237073.168752985,283258.87328134,46185.7045283552,4.52867266665313,1.34068208139045,1
"Design-Based (Correct)",260166.021017163,13642.19987843,233427.30925544,286904.732778885,53477.4235234454,5.24365165946479,1,1.15787826708616
