"Method","Mean","SE","CV","CI_Lower","CI_Upper","CI_Width","SE_Ratio"
"Baseline (No Singletons)",260166.021017163,13642.19987843,5.24365165946479,233427.30925544,286904.732778885,53477.4235234454,0.999950009389488
"Certainty",260166.021017163,13642.881894425,5.24391380591742,233425.97250409,286906.069530236,53480.097026146,1
"Adjust (Centered)",260166.021017163,13646.5586374519,5.24532703544389,233418.766087757,286913.275946568,53494.5098588113,1.00026949899994
"Average",260166.021017163,13670.3600328267,5.25447557654921,233372.115352822,286959.926681503,53587.8113286807,1.00201410073138
"Remove",260166.021017163,13642.881894425,5.24391380591742,233425.97250409,286906.069530236,53480.097026146,1
