"Method","N","Mean","Median","StdDev","Mean_Bias","Mean_Bias_Pct","SD_Change_Pct"
"True (Full Data)",20940,218305.4334766,5257,1421645.65418392,0,0,0
"Complete Cases Only",15411,214421.001881773,5180,1409263.50150206,-3884.43159482704,-1.78,-0.9
"Mean Imputation",20940,214421.001881773,8960,1208970.08631444,-3884.43159482704,-1.78,-15
"Hot-Deck Imputation",20940,223243.951432665,5180,1439247.93775874,4938.51795606496,2.26,1.2
