"stratum","N_h","N_rare_h","P_h","Var_h","W_h","contribution","n_prop","S_h","N_S","neyman_weight","n_neyman"
"Non-Urban",7286,164,0.0225089212187757,0.0220022696843427,0.347946513849093,0.00783190066857689,2519,0.148331620648946,1080.74418804822,0.243474581885611,1682
"Urban",13654,883,0.0646696938626044,0.0604875245583214,0.652053486150907,0.0421680993314231,4719,0.245942116276008,3358.09365563261,0.756525418114389,5224
