prov,prov_name,n_hh,n_psu,n_districts,mean_income
1,Western Cape,1871,338,2,23322.987223504406
2,Eastern Cape,2666,430,3,8889.30837144071
3,Northern Cape,840,141,1,13123.159534687595
4,Free State,1239,188,2,9310.509467391134
5,KwaZulu-Natal,3153,504,2,11551.049926978747
6,North West,1317,234,1,9735.813360389338
7,Gauteng,5413,837,4,15622.281971857288
8,Mpumalanga,1647,241,1,9884.161578744448
9,Limpopo,2361,295,1,9100.776081608477
